Album,Artist,Released,Discovered
Led Zeppelin I,Led Zeppelin,1969,2006
Led Zeppelin II,Led Zeppelin,1969,2008
Led Zeppelin III,Led Zeppelin,1970,2008
Please Please Me,The Beatles,1963,2004
Bringing It All Back Home,Bob Dylan,1965,2020
Sounds of Silence,Simon & Garfunkel,1966,2016
Magical Mystery Tour,The Beatles,1967,2005
Astral Weeks,Van Morrison,1968,2014
Songs of Leonard Cohen,Leonard Cohen,1968,2015
Music From Big Pink,The Band,1968,2021
Nashville Skyline,Bob Dylan,1969,2021
Aoxomoxoa,Grateful Dead,1969,2015
Moondance,Van Morrison,1970,2011
Workingman's Dead,Grateful Dead,1970,2015
After the Gold Rush,Neil Young,1970,2019
At the Fillmore East,Allman Brothers Band,1971,2018
Blue,Joni Mitchell,1971,2016
Who's Next,The Who,1971,2009
Led Zeppelin IV,Led Zeppelin,1971,2009
Dark Side of the Moon,Pink Floyd,1973,2011
Wake of the Flood,Grateful Dead,1973,2015
Blood on the Tracks,Bob Dylan,1975,2016
Journey,Journey,1975,2010
Appetite For Destruction,Guns N' Roses,1987,2009
Sgt. Pepper's Lonely Hearts Club Band,The Beatles,1967,2008
Pet Sounds,The Beach Boys,1966,
Revolver,The Beatles,1966,
Highway 61 Revisited,Bob Dylan,1965,2020
Rubber Soul,The Beatles,1965,
What's Going On,Marvin Gaye,1971,
Exile on Main St.,The Rolling Stones,1972,2010
London Calling,The Clash,1979,
Blonde on Blonde,Bob Dylan,1966,
"The Beatles (""The White Album"")",The Beatles,1968,
The Sun Sessions,Elvis Presley,1976,
Kind of Blue,Miles Davis,1959,2011
The Velvet Underground & Nico,The Velvet Underground,1967,
Abbey Road,The Beatles,1969,
Are You Experienced,The Jimi Hendrix Experience,1967,
Nevermind,Nirvana,1991,2011
Born to Run,Bruce Springsteen,1975,2010
Thriller,Michael Jackson,1982,
The Great Twenty_Eight,Chuck Berry,1982,
The Complete Recordings,Robert Johnson,1990,
John Lennon/Plastic Ono Band,John Lennon / Plastic Ono Band,1970,2020
Innervisions,Stevie Wonder,1973,
"Live at the Apollo, 1962",James Brown,1963,
Rumours,Fleetwood Mac,1977,2015
The Joshua Tree,U2,1987,
Let It Bleed,The Rolling Stones,1969,
Ramones,Ramones,1976,
The Rise and Fall of Ziggy Stardust and the Spiders From Mars,David Bowie,1972,
Tapestry,Carole King,1971,
Hotel California,Eagles,1976,2009
The Anthology,Muddy Waters,2001,
Forever Changes,Love,1967,
Never Mind the Bollocks Here's the Sex Pistols,Sex Pistols,1977,
The Doors,The Doors,1967,
The Dark Side of the Moon,Pink Floyd,1973,
Horses,Patti Smith,1975,
"The Band (""The Brown Album"")",The Band,1969,
Legend: The Best of Bob Marley and The Wailers,Bob Marley & The Wailers,1984,
A Love Supreme,John Coltrane,1965,
It Takes a Nation of Millions to Hold Us Back,Public Enemy,1988,
At Fillmore East,The Allman Brothers Band,1971,
Here's Little Richard,Little Richard,1957,
Bridge Over Troubled Water,Simon & Garfunkel,1970,
Greatest Hits,Al Green,1975,
Meet The Beatles!,The Beatles,1964,
The Birth of Soul,Ray Charles,1991,
Electric Ladyland,The Jimi Hendrix Experience,1968,
Elvis Presley,Elvis Presley,1956,
Songs in the Key of Life,Stevie Wonder,1976,
Beggars Banquet,The Rolling Stones,1968,
Chronicle: The 20 Greatest Hits,Creedence Clearwater Revival,1976,
Trout Mask Replica,Captain Beefheart & His Magic Band,1969,
Achtung Baby,U2,1991,
Sticky Fingers,The Rolling Stones,1971,2009
Back to Mono (1958-1969),Phil Spector,1991,
Kid A,Radiohead,2000,
Off the Wall,Michael Jackson,1979,
[Led Zeppelin IV],Led Zeppelin,1971,
The Stranger,Billy Joel,1977,
Graceland,Paul Simon,1986,
Superfly,Curtis Mayfield,1972,
Physical Graffiti,Led Zeppelin,1975,
Star Time,James Brown,1991,
Purple Rain,Prince and the Revolution,1984,
Back in Black,AC/DC,1980,
Otis Blue: Otis Redding Sings Soul,Otis Redding,1965,
Imagine,John Lennon,1971,
The Clash,The Clash,1977,
Harvest,Neil Young,1972,
Axis: Bold as Love,The Jimi Hendrix Experience,1967,
I Never Loved a Man the Way I Love You,Aretha Franklin,1967,
Lady Soul,Aretha Franklin,1968,
Born in the U.S.A.,Bruce Springsteen,1984,
The Wall,Pink Floyd,1979,
At Folsom Prison,Johnny Cash,1968,
Dusty in Memphis,Dusty Springfield,1969,
Talking Book,Stevie Wonder,1972,
Goodbye Yellow Brick Road,Elton John,1973,2009
20 Golden Greats,Buddy Holly,1978,
The Freewheelin' Bob Dylan,Bob Dylan,1963,
This Year's Model,Elvis Costello,1978,
There's a Riot Goin' On,Sly & The Family Stone,1971,
Odessey and Oracle,The Zombies,1968,
In the Wee Small Hours,Frank Sinatra,1955,2013
Fresh Cream,Cream,1966,
Giant Steps,John Coltrane,1959,
Sweet Baby James,James Taylor,1970,
Modern Sounds in Country and Western Music,Ray Charles,1962,
Rocket to Russia,Ramones,1977,
Portrait of a Legend 1951-1964,Sam Cooke,2003,
Hunky Dory,David Bowie,1971,
Aftermath,The Rolling Stones,1966,
Loaded,The Velvet Underground,1970,
The Bends,Radiohead,1995,2014
If You Can Believe Your Eyes and Ears,The Mamas and the Papas,1966,
Court and Spark,Joni Mitchell,1974,
Disraeli Gears,Cream,1967,
The Who Sell Out,The Who,1967,
Out of Our Heads,The Rolling Stones,1965,
Layla and Other Assorted Love Songs,Derek and the Dominos,1970,
Paranoid,Black Sabbath,1970,
Saturday Night Fever: The Original Movie Sound Track,Various Artists,1977,2019
"The Wild, the Innocent & the E Street Shuffle",Bruce Springsteen,1973,
Ready to Die,The Notorious B.I.G.,1994,
Rejuvenation,The Meters,1974,
Parallel Lines,Blondie,1978,
Live at the Regal,B.B. King,1965,
A Christmas Gift for You From Phil Spector,Phil Spector,1963,
Gris-Gris,"Dr. John, the Night Tripper",1968,
Straight Outta Compton,N.W.A,1988,
Aja,Steely Dan,1977,
Surrealistic Pillow,Jefferson Airplane,1967,
Deja vu,"Crosby, Stills, Nash & Young",1970,
Houses of the Holy,Led Zeppelin,1973,
Santana,Santana,1969,
Darkness on the Edge of Town,Bruce Springsteen,1978,
Funeral,Arcade Fire,2004,
The B 52's / Play Loud,The B 52's,1979,
The Low End Theory,A Tribe Called Quest,1991,2012
Moanin' in the Moonlight,Howlin' Wolf,1958,
Pretenders,Pretenders,1980,
Paul's Boutique,Beastie Boys,1989,
Closer,Joy Division,1980,
Captain Fantastic and the Brown Dirt Cowboy,Elton John,1975,
Alive!,KISS,1975,
Electric Warrior,T. Rex,1971,
The Dock of the Bay,Otis Redding,1968,
OK Computer,Radiohead,1997,2014
1999,Prince,1982,
The Very Best of Linda Ronstadt,Linda Ronstadt,2002,
Let's Get It On,Marvin Gaye,1973,
Imperial Bedroom,Elvis Costello & The Attractions,1982,
Master of Puppets,Metallica,1986,
My Aim Is True,Elvis Costello,1977,
Exodus,Bob Marley & The Wailers,1977,
Live at Leeds,The Who,1970,
The Notorious Byrd Brothers,The Byrds,1968,
Every Picture Tells a Story,Rod Stewart,1971,
Something/Anything?,Todd Rundgren,1972,
Desire,Bob Dylan,1976,
Close to You,Carpenters,1970,
Rocks,Aerosmith,1976,
One Nation Under a Groove,Funkadelic,1978,
The Anthology: 1961-1977,Curtis Mayfield and The Impressions,1992,
The Definitive Collection,ABBA,2001,
"The Rolling Stones, Now!",The Rolling Stones,1965,
Natty Dread,Bob Marley & The Wailers,1974,
Fleetwood Mac,Fleetwood Mac,1975,2016
Red Headed Stranger,Willie Nelson,1975,
The Immaculate Collection,Madonna,1990,
The Stooges,The Stooges,1969,
Fresh,Sly & The Family Stone,1973,
So,Peter Gabriel,1986,
Buffalo Springfield Again,Buffalo Springfield,1967,
Happy Trails,Quicksilver Messenger Service,1969,
From Elvis in Memphis,Elvis Presley,1969,
Fun House,The Stooges,1970,
The Gilded Palace of Sin,The Flying Burrito Brothers,1969,
Dookie,Green Day,1994,
Transformer,Lou Reed,1972,
"Blues Breakers With Eric Clapton (""The Beano Album"")",John Mayall & The Bluesbreakers,1966,
"Nuggets: Original Artyfacts From the First Psychedelic Era, 1965-1968",Various Artists,1998,
Murmur,R.E.M.,1983,
The Best of Little Walter,Little Walter,1967,
Is This It,The Strokes,2001,
Highway to Hell,AC/DC,1979,
The Downward Spiral,Nine Inch Nails,1994,
"Parsley, Sage, Rosemary and Thyme",Simon & Garfunkel,1966,2015
Bad,Michael Jackson,1987,
Modern Times,Bob Dylan,2006,
Wheels of Fire,Cream,1968,
Dirty Mind,Prince,1980,
Abraxas,Santana,1970,
Tea for the Tillerman,Cat Stevens,1970,
Ten,Pearl Jam,1991,2021
Everybody Knows This Is Nowhere,Neil Young & Crazy Horse,1969,
Wish You Were Here,Pink Floyd,1975,2010
Crooked Rain Crooked Rain,Pavement,1994,
Tattoo You,The Rolling Stones,1981,
Proud Mary: The Best of Ike and Tina Turner,Ike & Tina Turner,1991,
New York Dolls,New York Dolls,1973,
Bo Diddley / Go Bo Diddley,Bo Diddley,1986,
Two Steps From the Blues,"Bobby ""Blue"" Bland",1961,
The Queen Is Dead,The Smiths,1986,
Licensed to Ill,Beastie Boys,1986,
Look-Ka Py Py,The Meters,1970,
Loveless,My Bloody Valentine,1991,
New Orleans Piano,Professor Longhair,1972,
War,U2,1983,
The Neil Diamond Collection,Neil Diamond,1999,
American Idiot,Green Day,2004,
Nebraska,Bruce Springsteen,1982,
Doolittle,Pixies,1989,
Paid in Full,Eric B. & Rakim,1987,
Toys in the Attic,Aerosmith,1975,
Nick of Time,Bonnie Raitt,1989,
A Night at the Opera,Queen,1975,2011
The Kink Kronikles,The Kinks,1972,
Mr. Tambourine Man,The Byrds,1965,
Bookends,Simon & Garfunkel,1968,2015
The Ultimate Collection,Patsy Cline,2000,
Mr. Excitement!,Jackie Wilson,1992,
My Generation,The Who,1965,
Howlin' Wolf,Howlin' Wolf,1962,
Like a Prayer,Madonna,1989,
Can't Buy a Thrill,Steely Dan,1972,
Let It Be,The Replacements,1984,
Run D.M.C.,Run D.M.C.,1984,
Black Sabbath,Black Sabbath,1970,2010
The Marshall Mathers LP,Eminem,2000,
All Killer No Filler! The Jerry Lee Lewis Anthology,Jerry Lee Lewis,1993,
Freak Out!,The Mothers of Invention,1966,
Live/Dead,The Grateful Dead,1969,
The Shape of Jazz to Come,Ornette Coleman,1959,
Automatic for the People,R.E.M.,1992,
Reasonable Doubt,Jay Z,1996,
Low,David Bowie,1977,
The Blueprint,Jay Z,2001,
The River,Bruce Springsteen,1980,
Complete & Unbelievable: The Otis Redding Dictionary of Soul,Otis Redding,1966,
"Metallica (""The Black Album"")",Metallica,1991,
Trans Europa Express,Kraftwerk,1977,
Whitney Houston,Whitney Houston,1985,
The Kinks Are The Village Green Preservation Society,The Kinks,1968,
The Velvet Rope,Janet,1997,
Stardust,Willie Nelson,1978,
American Beauty,Grateful Dead,1970,
"Crosby, Stills & Nash","Crosby, Stills & Nash",1969,
Tracy Chapman,Tracy Chapman,1988,
The Genius of Ray Charles,Ray Charles,1959,
Child Is Father to the Man,"Blood, Sweat & Tears",1968,
Quadrophenia,The Who,1973,
Paul Simon,Paul Simon,1972,
Psychocandy,The Jesus and Mary Chain,1985,
Some Girls,The Rolling Stones,1978,
The Beach Boys Today!,The Beach Boys,1965,
Dig Me Out,Sleater Kinney,1997,
Going to a Go-Go,Smokey Robinson & The Miracles,1966,
Nightbirds,LaBelle,1974,
The Slim Shady LP,Eminem,1999,
Mothership Connection,Parliament,1975,
Rhythm Nation 1814,Janet Jackson,1989,
Anthology of American Folk Music,Various,1997,
Aladdin Sane,David Bowie,1973,
All That You Can't Leave Behind,U2,2000,
My Life,Mary J. Blige,1994,
Folk Singer,Muddy Waters,1964,
Can't Get Enough,Barry White,1974,
The Cars,The Cars,1978,
Music of My Mind,Stevie Wonder,1972,
I'm Still in Love With You,Al Green,1972,
Los Angeles,X,1980,
Anthem of the Sun,Grateful Dead,1968,
Something Else by The Kinks,The Kinks,1967,
Call Me,Al Green,1973,
Talking Heads: 77,Talking Heads,1977,
The Basement Tapes,Bob Dylan and the Band,1975,
White Light/White Heat,The Velvet Underground,1968,
Kick Out the Jams,MC5,1969,
Songs of Love and Hate,Leonard Cohen,1970,
Meat Is Murder,The Smiths,1985,
We're Only in It for the Money,The Mothers of Invention,1968,
The College Dropout,Kanye West,2003,
Weezer (Blue Album),Weezer,1994,
Master of Reality,Black Sabbath,1971,
Coat of Many Colors,Dolly Parton,1971,
Fear of a Black Planet,Public Enemy,1990,
John Wesley Harding,Bob Dylan,1967,
Grace,Jeff Buckley,1994,
Car Wheels on a Gravel Road,Lucinda Williams,1998,
Odelay,Beck,1996,
A Hard Day's Night,The Beatles,1964,
Songs for Swingin' Lovers!,Frank Sinatra,1956,
Willy and the Poor Boys,Creedence Clearwater Revival,1969,
Blood Sugar Sex Magik,Red Hot Chili Peppers,1991,2011
The Sun Records Collection,Various,1994,
Nothing's Shocking,Jane's Addiction,1988,
MTV Unplugged in New York,Nirvana,1994,2011
The Miseducation of Lauryn Hill,Lauryn Hill,1998,2016
Damn the Torpedoes,Tom Petty and the Heartbreakers,1979,
The Velvet Underground,The Velvet Underground,1969,
Surfer Rosa,Pixies,1988,
Back Stabbers,The O'Jays,1972,
Burnin',The Wailers,1973,
Amnesiac,Radiohead,2001,
Pink Moon,Nick Drake,1972,
Sail Away,Randy Newman,1972,
Ghost in the Machine,The Police,1981,
Station to Station,David Bowie,1976,
Slowhand,Eric Clapton,1977,
Disintegration,The Cure,1989,
Exile in Guyville,Liz Phair,1993,
Daydream Nation,Sonic Youth,1988,
In the Jungle Groove,James Brown,1986,
Tonight's the Night,Neil Young,1975,
Help!,The Beatles,1965,
Shoot Out the Lights,Richard & Linda Thompson,1982,
Wild Gift,X,1981,
Squeezing Out Sparks,Graham Parker & The Rumour,1979,
Superunknown,Soundgarden,1994,
In Rainbows,Radiohead,2007,
Aqualung,Jethro Tull,1971,
Cheap Thrills,Big Brother & the Holding Company,1968,
Muddy Waters at Newport 1960,Muddy Waters,1960,
The Black Album,Jay Z,2003,
Roger the Engineer,The Yardbirds,1966,
Rust Never Sleeps,Neil Young & Crazy Horse,1979,
Brothers in Arms,Dire Straits,1985,2021
My Beautiful Dark Twisted Fantasy,Kanye West,2010,
52nd Street,Billy Joel,1978,2019
Having a Rave Up,The Yardbirds,1965,
12 Songs,Randy Newman,1970,
Sketches of Spain,Miles Davis,1960,
Honky Château,Elton John,1972,
Singles Going Steady,Buzzcocks,1979,
Stankonia,OutKast,2000,
Siamese Dream,The Smashing Pumpkins,1993,
Substance 1987,New Order,1987,
L.A. Woman,The Doors,1971,
Rage Against the Machine,Rage Against the Machine,1992,
American Recordings,Johnny Cash,1994,
Ray of Light,Madonna,1998,
Eagles,Eagles,1972,
Louder Than Bombs,The Smiths,1987,
Mott,Mott the Hoople,1973,
"Whatever People Say I Am, That's What I'm Not",Arctic Monkeys,2006,
Reggatta de Blanc,The Police,1979,
Volunteers,Jefferson Airplane,1969,
Siren,Roxy Music,1975,
Late for the Sky,Jackson Browne,1974,
Post,Bjork,1995,
The Ultimate Collection: 1948-1990,John Lee Hooker,1991,
(What's the Story) Morning Glory?,Oasis,1995,
CrazySexyCool,TLC,1994,
Funky Kingston,Toots & The Maytals,1973,
The Smile Sessions,The Beach Boys,2011,
The Modern Lovers,The Modern Lovers,1976,
More Songs About Buildings and Food,Talking Heads,1978,
A Quick One,The Who,1966,
"""Love and Theft""",Bob Dylan,2001,
Pretzel Logic,Steely Dan,1974,
Enter the Wu_Tang: 36 Chambers,Wu Tang Clan,1993,
The Indestructible Beat of Soweto,Various Artists,1985,
The End of the Innocence,Don Henley,1989,
Elephant,The White Stripes,2003,
The Pretender,Jackson Browne,1976,
Kala,M.I.A.,2007,
Good Old Boys,Randy Newman,1974,
Sound of Silver,LCD Soundsystem,2007,
For Your Pleasure,Roxy Music,1973,
Blue Lines,Massive Attack,1991,
Eliminator,ZZ Top,1983,
Rain Dogs,Tom Waits,1985,
Anthology: The Best of The Temptations,The Temptations,1995,
Californication,Red Hot Chili Peppers,1999,
Illmatic,Nas,1994,2013
Strange Days,The Doors,1967,
Time Out of Mind,Bob Dylan,1997,
461 Ocean Boulevard,Eric Clapton,1974,
Pink Flag,Wire,1977,
Double Nickels on the Dime,Minutemen,1984,
Beauty and the Beat,The Go Go's,1981,
Van Halen,Van Halen,1978,2009
Mule Variations,Tom Waits,1999,
Boy,U2,1980,
Band on the Run,Paul McCartney & Wings,1973,2009
Dummy,Portishead,1994,
"The ""Chirping"" Crickets",The Crickets,1957,
"The Best of the Girl Groups, Volume 1",Various Artists,1990,
Presenting the Fabulous Ronettes Featuring Veronica,The Ronettes,1963,
Anthology,Diana Ross & The Supremes,2001,
The Rising,Bruce Springsteen,2002,
Grievous Angel,Gram Parsons,1974,
Cheap Trick at Budokan,Cheap Trick,1978,
Sleepless,Peter Wolf,2002,
Outlandos d'Amour,The Police,1978,
Another Green World,Brian Eno,1975,
Vampire Weekend,Vampire Weekend,2007,
"Stories From the City, Stories From the Sea",PJ Harvey,2000,
Here Come the Warm Jets,Brian Eno,1973,
All Things Must Pass,George Harrison,1970,
#1 Record,Big Star,1972,
In Utero,Nirvana,1993,
Sea Change,Beck,2002,2015
Tha Carter III,Lil Wayne,2008,
Boys Don't Cry,The Cure,1979,
"Live at the Harlem Square Club, 1963",Sam Cooke,1985,
Rum Sodomy & the Lash,The Pogues,1985,
Suicide,Suicide,1977,
Q: Are We Not Men? A: We Are Devo!,DEVO,1978,
In Color,Cheap Trick,1977,
The World Is a Ghetto,War,1972,
Fly Like an Eagle,Steve Miller Band,1976,
Back in the USA,MC5,1970,
Getz / Gilberto,Stan Getz / Joao Gilberto featuring Antonio Carlos Jobim,1964,
Synchronicity,The Police,1983,
Third/Sister Lovers,Big Star,1978,
For Everyman,Jackson Browne,1973,
Back to Black,Amy Winehouse,2006,
John Prine,John Prine,1971,
Strictly Business,EPMD,1987,
Love It to Death,Alice Cooper,1971,
How Will the Wolf Survive?,Los Lobos,1984,
"Here, My Dear",Marvin Gaye,1978,
Z,My Morning Jacket,2005,
Tumbleweed Connection,Elton John,1970,
The Drifters' Golden Hits,The Drifters,1968,
Live Through This,Hole,1994,
Metal Box,Public Image Ltd.,1979,
Document,R.E.M.,1987,
Heaven Up Here,Echo and The Bunnymen,1981,
Hysteria,Def Leppard,1987,2010
69 Love Songs,The Magnetic Fields,1999,
A Rush of Blood to the Head,Coldplay,2002,
Tunnel of Love,Bruce Springsteen,1987,
The Paul Butterfield Blues Band,The Paul Butterfield Blues Band,1965,
The Score,Fugees,1996,
Radio,L.L. Cool J,1985,
I Want to See the Bright Lights Tonight,Richard & Linda Thompson,1974,
Faith,George Michael,1987,
The Smiths,The Smiths,1984,
Proxima estacion: Esperanza,Manu Chao,2001,
Armed Forces,Elvis Costello & The Attractions,1979,
Life After Death,The Notorious B.I.G.,1997,2014
Down Every Road,Merle Haggard,1996,
Voodoo,D'Angelo,2000,2016
Guitar Town,Steve Earle,1986,
Entertainment!,Gang of Four,1979,
All the Young Dudes,Mott the Hoople,1972,
Vitalogy,Pearl Jam,1994,2021
Yankee Hotel Foxtrot,Wilco,2002,2020
Oracular Spectacular,MGMT,2007,
Give It Up,Bonnie Raitt,1972,
Boz Scaggs,Boz Scaggs,1969,
White Blood Cells,The White Stripes,2001,
Away From the World,Dave Matthews Band,2012,2012
Summerteeth,Wilco,1999,2015
"For Emma, Forever Ago",Bon Iver,2007,2015
Crash,Dave Matthews Band,1996,2012
Before These Crowded Streets,Dave Matthews Band,1998,2012
Under the Table and Dreaming,Dave Matthews Band,1994,2012
One Trick Pony,Paul Simon,1980,2015
Tales From the Hudson,Michael Brecker,1996,2014
Outbound,Bela Fleck and the Flecktones,2000,2014
Everything in Transit,Jack's Mannequin,2005,2015
Sky Blue Sky,Wilco,2007,2021
Random Access Memory,Daft Punk,2013,2019
Lemonade,Beyonce,2016,2017